Workbook

Sheet LISTAS + README
A1: README
A3: 1. Usa la hoja CRONOGRAMA BASE para definir las etapas del servicio.
A4: 2. Edita solo las celdas amarillas.
A5: 3. Marca “Mostrar al cliente” en Sí solo para las filas que quieras imprimir.
A6: 4. La hoja PRESENTACION jala automáticamente las filas visibles.
A7: 5. El cronograma está pensado para servicios de arquitectura/diseño, no para programación técnica de obra.
A9: LISTAS
A11: TIPO DE PROYECTO | C11: ALCANCE | E11: ETAPA | G11: VALIDACIÓN / HITO | I11: MOSTRAR AL CLIENTE | K11: FORMA DE COBRO
A12: Arquitectura interior | C12: Básico | E12: Levantamiento | G12: Kick-off | I12: Sí | K12: Contra inicio
A13: Remodelación | C13: Intermedio | E13: Diagnóstico | G13: Aprobación de información base | I13: No | K13: Contra aprobación de etapa
A14: Ampliación | C14: Integral | E14: Programa / briefing | G14: Aprobación de layout | K14: Contra entrega
A15: Arquitectura nueva | C15: A medida | E15: Anteproyecto | G15: Aprobación de anteproyecto | K15: Mixto
A16: Consultoría | E16: Desarrollo de proyecto | G16: Entrega de dossier
A17: Diseño + documentación | E17: Documentación técnica | G17: Cierre de observaciones
E18: Compatibilización | G18: Entrega final
E19: Supervisión / seguimiento
E20: Cierre / entrega final

Sheet CRONOGRAMA BASE
A1: CRONOGRAMA BASE DE SERVICIO
A3: Cliente | B3: Cliente / empresa | D3: Proyecto | E3: Nombre del proyecto | G3: Tipo de proyecto | H3: Arquitectura interior | J3: Alcance | K3: Intermedio
A5: Código | B5: CR-001 | D5: Fecha | E5: 12/03/2026 | G5: Honorarios totales | H5: 10000 | J5: Observación general | K5: Ajusta tiempos, hitos y porcentajes según el encargo.
A8: Etapa | B8: Actividad principal | C8: Entregable | D8: Duración | E8: Unidad | F8: Dependencia | G8: Hito de validación | H8: Hito de cobro | I8: % cobro | J8: Monto de cobro | K8: Mostrar al cliente | L8: Orden impresión
A9: Levantamiento | B9: Recopilar información base y requerimientos | C9: Ficha inicial + levantamiento | D9: 3 | E9: días | F9: Adelanto / coordinación inicial | G9: Kick-off | H9: Contra inicio | I9: 0.2 | J9: =IF($H$5="","",$H$5*I9) -> 2000 | K9: Sí | L9: =IF(K9="Sí",1,"") -> 1
A10: Anteproyecto | B10: Desarrollar propuesta general | C10: Layout + criterio de diseño | D10: 7 | E10: días | F10: Información base completa | G10: Aprobación de layout | H10: Contra aprobación de etapa | I10: 0.3 | J10: =IF($H$5="","",$H$5*I10) -> 3000 | K10: Sí | L10: =IF(K10="Sí",MAX($L$9:L9)+1,"") -> 2
A11: Desarrollo de proyecto | B11: Desarrollar planos y decisiones principales | C11: Dossier de proyecto | D11: 7 | E11: días | F11: Aprobación de anteproyecto | G11: Entrega de dossier | H11: Contra entrega | I11: 0.3 | J11: =IF($H$5="","",$H$5*I11) -> 3000 | K11: Sí | L11: =IF(K11="Sí",MAX($L$9:L10)+1,"") -> 3
A12: Documentación técnica | B12: Ordenar láminas y detalles finales | C12: Paquete técnico / PDF final | D12: 5 | E12: días | F12: Cierre de observaciones | G12: Entrega final | H12: Contra entrega | I12: 0.2 | J12: =IF($H$5="","",$H$5*I12) -> 2000 | K12: Sí | L12: =IF(K12="Sí",MAX($L$9:L11)+1,"") -> 4
E13: días | J13: =IF($H$5="","",$H$5*I13) -> 0 | K13: No | L13: =IF(K13="Sí",MAX($L$9:L12)+1,"")
E14: días | J14: =IF($H$5="","",$H$5*I14) -> 0 | K14: No | L14: =IF(K14="Sí",MAX($L$9:L13)+1,"")
E15: días | J15: =IF($H$5="","",$H$5*I15) -> 0 | K15: No | L15: =IF(K15="Sí",MAX($L$9:L14)+1,"")
E16: días | J16: =IF($H$5="","",$H$5*I16) -> 0 | K16: No | L16: =IF(K16="Sí",MAX($L$9:L15)+1,"")
E17: días | J17: =IF($H$5="","",$H$5*I17) -> 0 | K17: No | L17: =IF(K17="Sí",MAX($L$9:L16)+1,"")
E18: días | J18: =IF($H$5="","",$H$5*I18) -> 0 | K18: No | L18: =IF(K18="Sí",MAX($L$9:L17)+1,"")
E19: días | J19: =IF($H$5="","",$H$5*I19) -> 0 | K19: No | L19: =IF(K19="Sí",MAX($L$9:L18)+1,"")
E20: días | J20: =IF($H$5="","",$H$5*I20) -> 0 | K20: No | L20: =IF(K20="Sí",MAX($L$9:L19)+1,"")
H22: Total % | I22: =SUM(I9:I20) -> 1
H23: Total cobros | I23: =SUM(J9:J20) -> 10000
H24: Duración total | I24: =SUMIF(E9:E20,"días",D9:D20) -> 22

Sheet PRESENTACION
A1: CRONOGRAMA BASE DE SERVICIO
A3: Cliente | B3: =IF('CRONOGRAMA BASE'!B3="","",'CRONOGRAMA BASE'!B3) -> Cliente / empresa | D3: Proyecto | E3: =IF('CRONOGRAMA BASE'!E3="","",'CRONOGRAMA BASE'!E3) -> Nombre del proyecto | H3: Código | I3: =IF('CRONOGRAMA BASE'!B5="","",'CRONOGRAMA BASE'!B5) -> CR-001
A5: Tipo de proyecto | B5: =IF('CRONOGRAMA BASE'!H3="","",'CRONOGRAMA BASE'!H3) -> Arquitectura interior | D5: Alcance | E5: =IF('CRONOGRAMA BASE'!K3="","",'CRONOGRAMA BASE'!K3) -> Intermedio | H5: Honorarios | I5: =IF('CRONOGRAMA BASE'!H5="","",'CRONOGRAMA BASE'!H5) -> 10000
A7: Resumen
A8: Este cronograma presenta las etapas, entregables, tiempos e hitos de cobro del servicio. Los plazos corren desde la confirmación del encargo y dependen de la entrega oportuna de información y feedback del cliente.
A11: Etapa | B11: Actividad principal | C11: Entregable | D11: Duración | E11: Dependencia | F11: Hito de validación | G11: Hito de cobro | H11: % | I11: Monto
A12: =IFERROR(INDEX('CRONOGRAMA BASE'!$A$9:$A$20,MATCH(ROWS($A$12:A12),'CRONOGRAMA BASE'!$L$9:$L$20,0)),"") -> Levantamiento | B12: =IFERROR(INDEX('CRONOGRAMA BASE'!$B$9:$B$20,MATCH(ROWS($A$12:A12),'CRONOGRAMA BASE'!$L$9:$L$20,0)),"") -> Recopilar información base y requerimientos | C12: =IFERROR(INDEX('CRONOGRAMA BASE'!$C$9:$C$20,MATCH(ROWS($A$12:A12),'CRONOGRAMA BASE'!$L$9:$L$20,0)),"") -> Ficha inicial + levantamiento | D12: =IFERROR(INDEX('CRONOGRAMA BASE'!$D$9:$D$20,MATCH(ROWS($A$12:A12),'CRONOGRAMA BASE'!$L$9:$L$20,0))&" "&INDEX('CRONOGRAMA BASE'!$E$9:$E$20,MATCH(ROWS($A$12:A12),'CRONOGRAMA BASE'!$L$9:$L$20,0)),"") -> 3 días | E12: =IFERROR(INDEX('CRONOGRAMA BASE'!$F$9:$F$20,MATCH(ROWS($A$12:A12),'CRONOGRAMA BASE'!$L$9:$L$20,0)),"") -> Adelanto / coordinación inicial | F12: =IFERROR(INDEX('CRONOGRAMA BASE'!$G$9:$G$20,MATCH(ROWS($A$12:A12),'CRONOGRAMA BASE'!$L$9:$L$20,0)),"") -> Kick-off | G12: =IFERROR(INDEX('CRONOGRAMA BASE'!$H$9:$H$20,MATCH(ROWS($A$12:A12),'CRONOGRAMA BASE'!$L$9:$L$20,0)),"") -> Contra inicio | H12: =IFERROR(INDEX('CRONOGRAMA BASE'!$I$9:$I$20,MATCH(ROWS($A$12:A12),'CRONOGRAMA BASE'!$L$9:$L$20,0)),"") -> 0.2 | I12: =IFERROR(INDEX('CRONOGRAMA BASE'!$J$9:$J$20,MATCH(ROWS($A$12:A12),'CRONOGRAMA BASE'!$L$9:$L$20,0)),"") -> 2000
A13: =IFERROR(INDEX('CRONOGRAMA BASE'!$A$9:$A$20,MATCH(ROWS($A$12:A13),'CRONOGRAMA BASE'!$L$9:$L$20,0)),"") -> Anteproyecto | B13: =IFERROR(INDEX('CRONOGRAMA BASE'!$B$9:$B$20,MATCH(ROWS($A$12:A13),'CRONOGRAMA BASE'!$L$9:$L$20,0)),"") -> Desarrollar propuesta general | C13: =IFERROR(INDEX('CRONOGRAMA BASE'!$C$9:$C$20,MATCH(ROWS($A$12:A13),'CRONOGRAMA BASE'!$L$9:$L$20,0)),"") -> Layout + criterio de diseño | D13: =IFERROR(INDEX('CRONOGRAMA BASE'!$D$9:$D$20,MATCH(ROWS($A$12:A13),'CRONOGRAMA BASE'!$L$9:$L$20,0))&" "&INDEX('CRONOGRAMA BASE'!$E$9:$E$20,MATCH(ROWS($A$12:A13),'CRONOGRAMA BASE'!$L$9:$L$20,0)),"") -> 7 días | E13: =IFERROR(INDEX('CRONOGRAMA BASE'!$F$9:$F$20,MATCH(ROWS($A$12:A13),'CRONOGRAMA BASE'!$L$9:$L$20,0)),"") -> Información base completa | F13: =IFERROR(INDEX('CRONOGRAMA BASE'!$G$9:$G$20,MATCH(ROWS($A$12:A13),'CRONOGRAMA BASE'!$L$9:$L$20,0)),"") -> Aprobación de layout | G13: =IFERROR(INDEX('CRONOGRAMA BASE'!$H$9:$H$20,MATCH(ROWS($A$12:A13),'CRONOGRAMA BASE'!$L$9:$L$20,0)),"") -> Contra aprobación de etapa | H13: =IFERROR(INDEX('CRONOGRAMA BASE'!$I$9:$I$20,MATCH(ROWS($A$12:A13),'CRONOGRAMA BASE'!$L$9:$L$20,0)),"") -> 0.3 | I13: =IFERROR(INDEX('CRONOGRAMA BASE'!$J$9:$J$20,MATCH(ROWS($A$12:A13),'CRONOGRAMA BASE'!$L$9:$L$20,0)),"") -> 3000
A14: =IFERROR(INDEX('CRONOGRAMA BASE'!$A$9:$A$20,MATCH(ROWS($A$12:A14),'CRONOGRAMA BASE'!$L$9:$L$20,0)),"") -> Desarrollo de proyecto | B14: =IFERROR(INDEX('CRONOGRAMA BASE'!$B$9:$B$20,MATCH(ROWS($A$12:A14),'CRONOGRAMA BASE'!$L$9:$L$20,0)),"") -> Desarrollar planos y decisiones principales | C14: =IFERROR(INDEX('CRONOGRAMA BASE'!$C$9:$C$20,MATCH(ROWS($A$12:A14),'CRONOGRAMA BASE'!$L$9:$L$20,0)),"") -> Dossier de proyecto | D14: =IFERROR(INDEX('CRONOGRAMA BASE'!$D$9:$D$20,MATCH(ROWS($A$12:A14),'CRONOGRAMA BASE'!$L$9:$L$20,0))&" "&INDEX('CRONOGRAMA BASE'!$E$9:$E$20,MATCH(ROWS($A$12:A14),'CRONOGRAMA BASE'!$L$9:$L$20,0)),"") -> 7 días | E14: =IFERROR(INDEX('CRONOGRAMA BASE'!$F$9:$F$20,MATCH(ROWS($A$12:A14),'CRONOGRAMA BASE'!$L$9:$L$20,0)),"") -> Aprobación de anteproyecto | F14: =IFERROR(INDEX('CRONOGRAMA BASE'!$G$9:$G$20,MATCH(ROWS($A$12:A14),'CRONOGRAMA BASE'!$L$9:$L$20,0)),"") -> Entrega de dossier | G14: =IFERROR(INDEX('CRONOGRAMA BASE'!$H$9:$H$20,MATCH(ROWS($A$12:A14),'CRONOGRAMA BASE'!$L$9:$L$20,0)),"") -> Contra entrega | H14: =IFERROR(INDEX('CRONOGRAMA BASE'!$I$9:$I$20,MATCH(ROWS($A$12:A14),'CRONOGRAMA BASE'!$L$9:$L$20,0)),"") -> 0.3 | I14: =IFERROR(INDEX('CRONOGRAMA BASE'!$J$9:$J$20,MATCH(ROWS($A$12:A14),'CRONOGRAMA BASE'!$L$9:$L$20,0)),"") -> 3000
A15: =IFERROR(INDEX('CRONOGRAMA BASE'!$A$9:$A$20,MATCH(ROWS($A$12:A15),'CRONOGRAMA BASE'!$L$9:$L$20,0)),"") -> Documentación técnica | B15: =IFERROR(INDEX('CRONOGRAMA BASE'!$B$9:$B$20,MATCH(ROWS($A$12:A15),'CRONOGRAMA BASE'!$L$9:$L$20,0)),"") -> Ordenar láminas y detalles finales | C15: =IFERROR(INDEX('CRONOGRAMA BASE'!$C$9:$C$20,MATCH(ROWS($A$12:A15),'CRONOGRAMA BASE'!$L$9:$L$20,0)),"") -> Paquete técnico / PDF final | D15: =IFERROR(INDEX('CRONOGRAMA BASE'!$D$9:$D$20,MATCH(ROWS($A$12:A15),'CRONOGRAMA BASE'!$L$9:$L$20,0))&" "&INDEX('CRONOGRAMA BASE'!$E$9:$E$20,MATCH(ROWS($A$12:A15),'CRONOGRAMA BASE'!$L$9:$L$20,0)),"") -> 5 días | E15: =IFERROR(INDEX('CRONOGRAMA BASE'!$F$9:$F$20,MATCH(ROWS($A$12:A15),'CRONOGRAMA BASE'!$L$9:$L$20,0)),"") -> Cierre de observaciones | F15: =IFERROR(INDEX('CRONOGRAMA BASE'!$G$9:$G$20,MATCH(ROWS($A$12:A15),'CRONOGRAMA BASE'!$L$9:$L$20,0)),"") -> Entrega final | G15: =IFERROR(INDEX('CRONOGRAMA BASE'!$H$9:$H$20,MATCH(ROWS($A$12:A15),'CRONOGRAMA BASE'!$L$9:$L$20,0)),"") -> Contra entrega | H15: =IFERROR(INDEX('CRONOGRAMA BASE'!$I$9:$I$20,MATCH(ROWS($A$12:A15),'CRONOGRAMA BASE'!$L$9:$L$20,0)),"") -> 0.2 | I15: =IFERROR(INDEX('CRONOGRAMA BASE'!$J$9:$J$20,MATCH(ROWS($A$12:A15),'CRONOGRAMA BASE'!$L$9:$L$20,0)),"") -> 2000
A16: =IFERROR(INDEX('CRONOGRAMA BASE'!$A$9:$A$20,MATCH(ROWS($A$12:A16),'CRONOGRAMA BASE'!$L$9:$L$20,0)),"") | B16: =IFERROR(INDEX('CRONOGRAMA BASE'!$B$9:$B$20,MATCH(ROWS($A$12:A16),'CRONOGRAMA BASE'!$L$9:$L$20,0)),"") | C16: =IFERROR(INDEX('CRONOGRAMA BASE'!$C$9:$C$20,MATCH(ROWS($A$12:A16),'CRONOGRAMA BASE'!$L$9:$L$20,0)),"") | D16: =IFERROR(INDEX('CRONOGRAMA BASE'!$D$9:$D$20,MATCH(ROWS($A$12:A16),'CRONOGRAMA BASE'!$L$9:$L$20,0))&" "&INDEX('CRONOGRAMA BASE'!$E$9:$E$20,MATCH(ROWS($A$12:A16),'CRONOGRAMA BASE'!$L$9:$L$20,0)),"") | E16: =IFERROR(INDEX('CRONOGRAMA BASE'!$F$9:$F$20,MATCH(ROWS($A$12:A16),'CRONOGRAMA BASE'!$L$9:$L$20,0)),"") | F16: =IFERROR(INDEX('CRONOGRAMA BASE'!$G$9:$G$20,MATCH(ROWS($A$12:A16),'CRONOGRAMA BASE'!$L$9:$L$20,0)),"") | G16: =IFERROR(INDEX('CRONOGRAMA BASE'!$H$9:$H$20,MATCH(ROWS($A$12:A16),'CRONOGRAMA BASE'!$L$9:$L$20,0)),"") | H16: =IFERROR(INDEX('CRONOGRAMA BASE'!$I$9:$I$20,MATCH(ROWS($A$12:A16),'CRONOGRAMA BASE'!$L$9:$L$20,0)),"") | I16: =IFERROR(INDEX('CRONOGRAMA BASE'!$J$9:$J$20,MATCH(ROWS($A$12:A16),'CRONOGRAMA BASE'!$L$9:$L$20,0)),"")
A17: =IFERROR(INDEX('CRONOGRAMA BASE'!$A$9:$A$20,MATCH(ROWS($A$12:A17),'CRONOGRAMA BASE'!$L$9:$L$20,0)),"") | B17: =IFERROR(INDEX('CRONOGRAMA BASE'!$B$9:$B$20,MATCH(ROWS($A$12:A17),'CRONOGRAMA BASE'!$L$9:$L$20,0)),"") | C17: =IFERROR(INDEX('CRONOGRAMA BASE'!$C$9:$C$20,MATCH(ROWS($A$12:A17),'CRONOGRAMA BASE'!$L$9:$L$20,0)),"") | D17: =IFERROR(INDEX('CRONOGRAMA BASE'!$D$9:$D$20,MATCH(ROWS($A$12:A17),'CRONOGRAMA BASE'!$L$9:$L$20,0))&" "&INDEX('CRONOGRAMA BASE'!$E$9:$E$20,MATCH(ROWS($A$12:A17),'CRONOGRAMA BASE'!$L$9:$L$20,0)),"") | E17: =IFERROR(INDEX('CRONOGRAMA BASE'!$F$9:$F$20,MATCH(ROWS($A$12:A17),'CRONOGRAMA BASE'!$L$9:$L$20,0)),"") | F17: =IFERROR(INDEX('CRONOGRAMA BASE'!$G$9:$G$20,MATCH(ROWS($A$12:A17),'CRONOGRAMA BASE'!$L$9:$L$20,0)),"") | G17: =IFERROR(INDEX('CRONOGRAMA BASE'!$H$9:$H$20,MATCH(ROWS($A$12:A17),'CRONOGRAMA BASE'!$L$9:$L$20,0)),"") | H17: =IFERROR(INDEX('CRONOGRAMA BASE'!$I$9:$I$20,MATCH(ROWS($A$12:A17),'CRONOGRAMA BASE'!$L$9:$L$20,0)),"") | I17: =IFERROR(INDEX('CRONOGRAMA BASE'!$J$9:$J$20,MATCH(ROWS($A$12:A17),'CRONOGRAMA BASE'!$L$9:$L$20,0)),"")
A18: =IFERROR(INDEX('CRONOGRAMA BASE'!$A$9:$A$20,MATCH(ROWS($A$12:A18),'CRONOGRAMA BASE'!$L$9:$L$20,0)),"") | B18: =IFERROR(INDEX('CRONOGRAMA BASE'!$B$9:$B$20,MATCH(ROWS($A$12:A18),'CRONOGRAMA BASE'!$L$9:$L$20,0)),"") | C18: =IFERROR(INDEX('CRONOGRAMA BASE'!$C$9:$C$20,MATCH(ROWS($A$12:A18),'CRONOGRAMA BASE'!$L$9:$L$20,0)),"") | D18: =IFERROR(INDEX('CRONOGRAMA BASE'!$D$9:$D$20,MATCH(ROWS($A$12:A18),'CRONOGRAMA BASE'!$L$9:$L$20,0))&" "&INDEX('CRONOGRAMA BASE'!$E$9:$E$20,MATCH(ROWS($A$12:A18),'CRONOGRAMA BASE'!$L$9:$L$20,0)),"") | E18: =IFERROR(INDEX('CRONOGRAMA BASE'!$F$9:$F$20,MATCH(ROWS($A$12:A18),'CRONOGRAMA BASE'!$L$9:$L$20,0)),"") | F18: =IFERROR(INDEX('CRONOGRAMA BASE'!$G$9:$G$20,MATCH(ROWS($A$12:A18),'CRONOGRAMA BASE'!$L$9:$L$20,0)),"") | G18: =IFERROR(INDEX('CRONOGRAMA BASE'!$H$9:$H$20,MATCH(ROWS($A$12:A18),'CRONOGRAMA BASE'!$L$9:$L$20,0)),"") | H18: =IFERROR(INDEX('CRONOGRAMA BASE'!$I$9:$I$20,MATCH(ROWS($A$12:A18),'CRONOGRAMA BASE'!$L$9:$L$20,0)),"") | I18: =IFERROR(INDEX('CRONOGRAMA BASE'!$J$9:$J$20,MATCH(ROWS($A$12:A18),'CRONOGRAMA BASE'!$L$9:$L$20,0)),"")
A19: =IFERROR(INDEX('CRONOGRAMA BASE'!$A$9:$A$20,MATCH(ROWS($A$12:A19),'CRONOGRAMA BASE'!$L$9:$L$20,0)),"") | B19: =IFERROR(INDEX('CRONOGRAMA BASE'!$B$9:$B$20,MATCH(ROWS($A$12:A19),'CRONOGRAMA BASE'!$L$9:$L$20,0)),"") | C19: =IFERROR(INDEX('CRONOGRAMA BASE'!$C$9:$C$20,MATCH(ROWS($A$12:A19),'CRONOGRAMA BASE'!$L$9:$L$20,0)),"") | D19: =IFERROR(INDEX('CRONOGRAMA BASE'!$D$9:$D$20,MATCH(ROWS($A$12:A19),'CRONOGRAMA BASE'!$L$9:$L$20,0))&" "&INDEX('CRONOGRAMA BASE'!$E$9:$E$20,MATCH(ROWS($A$12:A19),'CRONOGRAMA BASE'!$L$9:$L$20,0)),"") | E19: =IFERROR(INDEX('CRONOGRAMA BASE'!$F$9:$F$20,MATCH(ROWS($A$12:A19),'CRONOGRAMA BASE'!$L$9:$L$20,0)),"") | F19: =IFERROR(INDEX('CRONOGRAMA BASE'!$G$9:$G$20,MATCH(ROWS($A$12:A19),'CRONOGRAMA BASE'!$L$9:$L$20,0)),"") | G19: =IFERROR(INDEX('CRONOGRAMA BASE'!$H$9:$H$20,MATCH(ROWS($A$12:A19),'CRONOGRAMA BASE'!$L$9:$L$20,0)),"") | H19: =IFERROR(INDEX('CRONOGRAMA BASE'!$I$9:$I$20,MATCH(ROWS($A$12:A19),'CRONOGRAMA BASE'!$L$9:$L$20,0)),"") | I19: =IFERROR(INDEX('CRONOGRAMA BASE'!$J$9:$J$20,MATCH(ROWS($A$12:A19),'CRONOGRAMA BASE'!$L$9:$L$20,0)),"")
A20: =IFERROR(INDEX('CRONOGRAMA BASE'!$A$9:$A$20,MATCH(ROWS($A$12:A20),'CRONOGRAMA BASE'!$L$9:$L$20,0)),"") | B20: =IFERROR(INDEX('CRONOGRAMA BASE'!$B$9:$B$20,MATCH(ROWS($A$12:A20),'CRONOGRAMA BASE'!$L$9:$L$20,0)),"") | C20: =IFERROR(INDEX('CRONOGRAMA BASE'!$C$9:$C$20,MATCH(ROWS($A$12:A20),'CRONOGRAMA BASE'!$L$9:$L$20,0)),"") | D20: =IFERROR(INDEX('CRONOGRAMA BASE'!$D$9:$D$20,MATCH(ROWS($A$12:A20),'CRONOGRAMA BASE'!$L$9:$L$20,0))&" "&INDEX('CRONOGRAMA BASE'!$E$9:$E$20,MATCH(ROWS($A$12:A20),'CRONOGRAMA BASE'!$L$9:$L$20,0)),"") | E20: =IFERROR(INDEX('CRONOGRAMA BASE'!$F$9:$F$20,MATCH(ROWS($A$12:A20),'CRONOGRAMA BASE'!$L$9:$L$20,0)),"") | F20: =IFERROR(INDEX('CRONOGRAMA BASE'!$G$9:$G$20,MATCH(ROWS($A$12:A20),'CRONOGRAMA BASE'!$L$9:$L$20,0)),"") | G20: =IFERROR(INDEX('CRONOGRAMA BASE'!$H$9:$H$20,MATCH(ROWS($A$12:A20),'CRONOGRAMA BASE'!$L$9:$L$20,0)),"") | H20: =IFERROR(INDEX('CRONOGRAMA BASE'!$I$9:$I$20,MATCH(ROWS($A$12:A20),'CRONOGRAMA BASE'!$L$9:$L$20,0)),"") | I20: =IFERROR(INDEX('CRONOGRAMA BASE'!$J$9:$J$20,MATCH(ROWS($A$12:A20),'CRONOGRAMA BASE'!$L$9:$L$20,0)),"")
A21: =IFERROR(INDEX('CRONOGRAMA BASE'!$A$9:$A$20,MATCH(ROWS($A$12:A21),'CRONOGRAMA BASE'!$L$9:$L$20,0)),"") | B21: =IFERROR(INDEX('CRONOGRAMA BASE'!$B$9:$B$20,MATCH(ROWS($A$12:A21),'CRONOGRAMA BASE'!$L$9:$L$20,0)),"") | C21: =IFERROR(INDEX('CRONOGRAMA BASE'!$C$9:$C$20,MATCH(ROWS($A$12:A21),'CRONOGRAMA BASE'!$L$9:$L$20,0)),"") | D21: =IFERROR(INDEX('CRONOGRAMA BASE'!$D$9:$D$20,MATCH(ROWS($A$12:A21),'CRONOGRAMA BASE'!$L$9:$L$20,0))&" "&INDEX('CRONOGRAMA BASE'!$E$9:$E$20,MATCH(ROWS($A$12:A21),'CRONOGRAMA BASE'!$L$9:$L$20,0)),"") | E21: =IFERROR(INDEX('CRONOGRAMA BASE'!$F$9:$F$20,MATCH(ROWS($A$12:A21),'CRONOGRAMA BASE'!$L$9:$L$20,0)),"") | F21: =IFERROR(INDEX('CRONOGRAMA BASE'!$G$9:$G$20,MATCH(ROWS($A$12:A21),'CRONOGRAMA BASE'!$L$9:$L$20,0)),"") | G21: =IFERROR(INDEX('CRONOGRAMA BASE'!$H$9:$H$20,MATCH(ROWS($A$12:A21),'CRONOGRAMA BASE'!$L$9:$L$20,0)),"") | H21: =IFERROR(INDEX('CRONOGRAMA BASE'!$I$9:$I$20,MATCH(ROWS($A$12:A21),'CRONOGRAMA BASE'!$L$9:$L$20,0)),"") | I21: =IFERROR(INDEX('CRONOGRAMA BASE'!$J$9:$J$20,MATCH(ROWS($A$12:A21),'CRONOGRAMA BASE'!$L$9:$L$20,0)),"")
A22: =IFERROR(INDEX('CRONOGRAMA BASE'!$A$9:$A$20,MATCH(ROWS($A$12:A22),'CRONOGRAMA BASE'!$L$9:$L$20,0)),"") | B22: =IFERROR(INDEX('CRONOGRAMA BASE'!$B$9:$B$20,MATCH(ROWS($A$12:A22),'CRONOGRAMA BASE'!$L$9:$L$20,0)),"") | C22: =IFERROR(INDEX('CRONOGRAMA BASE'!$C$9:$C$20,MATCH(ROWS($A$12:A22),'CRONOGRAMA BASE'!$L$9:$L$20,0)),"") | D22: =IFERROR(INDEX('CRONOGRAMA BASE'!$D$9:$D$20,MATCH(ROWS($A$12:A22),'CRONOGRAMA BASE'!$L$9:$L$20,0))&" "&INDEX('CRONOGRAMA BASE'!$E$9:$E$20,MATCH(ROWS($A$12:A22),'CRONOGRAMA BASE'!$L$9:$L$20,0)),"") | E22: =IFERROR(INDEX('CRONOGRAMA BASE'!$F$9:$F$20,MATCH(ROWS($A$12:A22),'CRONOGRAMA BASE'!$L$9:$L$20,0)),"") | F22: =IFERROR(INDEX('CRONOGRAMA BASE'!$G$9:$G$20,MATCH(ROWS($A$12:A22),'CRONOGRAMA BASE'!$L$9:$L$20,0)),"") | G22: =IFERROR(INDEX('CRONOGRAMA BASE'!$H$9:$H$20,MATCH(ROWS($A$12:A22),'CRONOGRAMA BASE'!$L$9:$L$20,0)),"") | H22: =IFERROR(INDEX('CRONOGRAMA BASE'!$I$9:$I$20,MATCH(ROWS($A$12:A22),'CRONOGRAMA BASE'!$L$9:$L$20,0)),"") | I22: =IFERROR(INDEX('CRONOGRAMA BASE'!$J$9:$J$20,MATCH(ROWS($A$12:A22),'CRONOGRAMA BASE'!$L$9:$L$20,0)),"")
A23: =IFERROR(INDEX('CRONOGRAMA BASE'!$A$9:$A$20,MATCH(ROWS($A$12:A23),'CRONOGRAMA BASE'!$L$9:$L$20,0)),"") | B23: =IFERROR(INDEX('CRONOGRAMA BASE'!$B$9:$B$20,MATCH(ROWS($A$12:A23),'CRONOGRAMA BASE'!$L$9:$L$20,0)),"") | C23: =IFERROR(INDEX('CRONOGRAMA BASE'!$C$9:$C$20,MATCH(ROWS($A$12:A23),'CRONOGRAMA BASE'!$L$9:$L$20,0)),"") | D23: =IFERROR(INDEX('CRONOGRAMA BASE'!$D$9:$D$20,MATCH(ROWS($A$12:A23),'CRONOGRAMA BASE'!$L$9:$L$20,0))&" "&INDEX('CRONOGRAMA BASE'!$E$9:$E$20,MATCH(ROWS($A$12:A23),'CRONOGRAMA BASE'!$L$9:$L$20,0)),"") | E23: =IFERROR(INDEX('CRONOGRAMA BASE'!$F$9:$F$20,MATCH(ROWS($A$12:A23),'CRONOGRAMA BASE'!$L$9:$L$20,0)),"") | F23: =IFERROR(INDEX('CRONOGRAMA BASE'!$G$9:$G$20,MATCH(ROWS($A$12:A23),'CRONOGRAMA BASE'!$L$9:$L$20,0)),"") | G23: =IFERROR(INDEX('CRONOGRAMA BASE'!$H$9:$H$20,MATCH(ROWS($A$12:A23),'CRONOGRAMA BASE'!$L$9:$L$20,0)),"") | H23: =IFERROR(INDEX('CRONOGRAMA BASE'!$I$9:$I$20,MATCH(ROWS($A$12:A23),'CRONOGRAMA BASE'!$L$9:$L$20,0)),"") | I23: =IFERROR(INDEX('CRONOGRAMA BASE'!$J$9:$J$20,MATCH(ROWS($A$12:A23),'CRONOGRAMA BASE'!$L$9:$L$20,0)),"")
A26: Observaciones | C26: =IF('CRONOGRAMA BASE'!K5="","",'CRONOGRAMA BASE'!K5) -> Ajusta tiempos, hitos y porcentajes según el encargo.
A28: Notas
A29: • Los tiempos no consideran retrasos por falta de información, cambios de alcance o aprobaciones externas.
A30: • Los hitos de cobro se activan según la etapa indicada en la tabla.
A31: • Cualquier ajuste relevante de alcance debe reflejarse en una orden de cambio.
A34: DIAGRAMA GANTT REFERENCIAL
A35: Visualización simple del orden e inicio de cada etapa. La barra muestra la duración referencial de cada fase del servicio.
L37: Etapa | M37: Inicio | N37: Duración
L38: =IF(A12="","",A12) -> Levantamiento | M38: =IF(L38="","",0) -> 0 | N38: =IF(L38="","",IFERROR(INDEX('CRONOGRAMA BASE'!$D$9:$D$20,MATCH(ROWS($L$38:L38),'CRONOGRAMA BASE'!$L$9:$L$20,0)),"")) -> 3
L39: =IF(A13="","",A13) -> Anteproyecto | M39: =IF(L39="","",M38+N38) -> 3 | N39: =IF(L39="","",IFERROR(INDEX('CRONOGRAMA BASE'!$D$9:$D$20,MATCH(ROWS($L$38:L39),'CRONOGRAMA BASE'!$L$9:$L$20,0)),"")) -> 7
L40: =IF(A14="","",A14) -> Desarrollo de proyecto | M40: =IF(L40="","",M39+N39) -> 10 | N40: =IF(L40="","",IFERROR(INDEX('CRONOGRAMA BASE'!$D$9:$D$20,MATCH(ROWS($L$38:L40),'CRONOGRAMA BASE'!$L$9:$L$20,0)),"")) -> 7
L41: =IF(A15="","",A15) -> Documentación técnica | M41: =IF(L41="","",M40+N40) -> 17 | N41: =IF(L41="","",IFERROR(INDEX('CRONOGRAMA BASE'!$D$9:$D$20,MATCH(ROWS($L$38:L41),'CRONOGRAMA BASE'!$L$9:$L$20,0)),"")) -> 5
L42: =IF(A16="","",A16) | M42: =IF(L42="","",M41+N41) | N42: =IF(L42="","",IFERROR(INDEX('CRONOGRAMA BASE'!$D$9:$D$20,MATCH(ROWS($L$38:L42),'CRONOGRAMA BASE'!$L$9:$L$20,0)),""))
L43: =IF(A17="","",A17) | M43: =IF(L43="","",M42+N42) | N43: =IF(L43="","",IFERROR(INDEX('CRONOGRAMA BASE'!$D$9:$D$20,MATCH(ROWS($L$38:L43),'CRONOGRAMA BASE'!$L$9:$L$20,0)),""))
L44: =IF(A18="","",A18) | M44: =IF(L44="","",M43+N43) | N44: =IF(L44="","",IFERROR(INDEX('CRONOGRAMA BASE'!$D$9:$D$20,MATCH(ROWS($L$38:L44),'CRONOGRAMA BASE'!$L$9:$L$20,0)),""))
L45: =IF(A19="","",A19) | M45: =IF(L45="","",M44+N44) | N45: =IF(L45="","",IFERROR(INDEX('CRONOGRAMA BASE'!$D$9:$D$20,MATCH(ROWS($L$38:L45),'CRONOGRAMA BASE'!$L$9:$L$20,0)),""))
L46: =IF(A20="","",A20) | M46: =IF(L46="","",M45+N45) | N46: =IF(L46="","",IFERROR(INDEX('CRONOGRAMA BASE'!$D$9:$D$20,MATCH(ROWS($L$38:L46),'CRONOGRAMA BASE'!$L$9:$L$20,0)),""))
L47: =IF(A21="","",A21) | M47: =IF(L47="","",M46+N46) | N47: =IF(L47="","",IFERROR(INDEX('CRONOGRAMA BASE'!$D$9:$D$20,MATCH(ROWS($L$38:L47),'CRONOGRAMA BASE'!$L$9:$L$20,0)),""))
L48: =IF(A22="","",A22) | M48: =IF(L48="","",M47+N47) | N48: =IF(L48="","",IFERROR(INDEX('CRONOGRAMA BASE'!$D$9:$D$20,MATCH(ROWS($L$38:L48),'CRONOGRAMA BASE'!$L$9:$L$20,0)),""))
L49: =IF(A23="","",A23) | M49: =IF(L49="","",M48+N48) | N49: =IF(L49="","",IFERROR(INDEX('CRONOGRAMA BASE'!$D$9:$D$20,MATCH(ROWS($L$38:L49),'CRONOGRAMA BASE'!$L$9:$L$20,0)),""))
