Workbook

Sheet LISTAS + README
A1: MATRIZ DE ENTREGABLES POR ETAPA (Hotmart)
A3: READ ME (cómo usar): 1) Ve a la hoja “PRESENTACIÓN” y elige el Paquete (tipo de servicio). 2) Vuelve aquí y ajusta la matriz (agrega/quita entregables, cambia cantidades, marca Incluye=Sí/No). 3) La hoja “PRESENTACIÓN” se llena sola por etapa usando solo los entregables con Incluye=Sí. 4) Imprime o exporta a PDF la hoja “PRESENTACIÓN” para entregarla al cliente.
A9: LISTAS (para desplegables)
A10: PAQUETES | C10: ETAPAS | J10: INCLUYE
A11: Diagnóstico / consultoría | C11: Levantamiento | J11: Sí
A12: Anteproyecto | C12: Anteproyecto | J12: No
A13: Proyecto arquitectónico | C13: Desarrollo | J13: Opcional
A14: Expediente técnico | C14: Expediente
A15: Supervisión de obra | C15: Obra
A16: MATRIZ (edítala aquí)
A17: ID | B17: Paquete | C17: Etapa | D17: Objetivo (1 línea) | E17: Entregable (cliente) | F17: Formato | G17: Nivel | H17: Cantidad | I17: Incluye | J17: Notas | K17: Seq_Lev | L17: Seq_Ant | M17: Seq_Des | N17: Seq_Exp | O17: Seq_Obra
A18: ITM-001 | B18: Diagnóstico / consultoría | C18: Levantamiento | D18: Entender el encargo y el estado actual. | E18: Ficha de requerimientos + información base del encargo. | F18: PDF | G18: Base | H18: 1 | I18: Sí | K18: =IF(AND($B18=PRESENTACIÓN!$B$5,$C18="Levantamiento",$I18="Sí"),COUNTIFS($B$18:$B18,PRESENTACIÓN!$B$5,$C$18:$C18,"Levantamiento",$I$18:$I18,"Sí"),"") | L18: =IF(AND($B18=PRESENTACIÓN!$B$5,$C18="Anteproyecto",$I18="Sí"),COUNTIFS($B$18:$B18,PRESENTACIÓN!$B$5,$C$18:$C18,"Anteproyecto",$I$18:$I18,"Sí"),"") | M18: =IF(AND($B18=PRESENTACIÓN!$B$5,$C18="Desarrollo",$I18="Sí"),COUNTIFS($B$18:$B18,PRESENTACIÓN!$B$5,$C$18:$C18,"Desarrollo",$I$18:$I18,"Sí"),"") | N18: =IF(AND($B18=PRESENTACIÓN!$B$5,$C18="Expediente",$I18="Sí"),COUNTIFS($B$18:$B18,PRESENTACIÓN!$B$5,$C$18:$C18,"Expediente",$I$18:$I18,"Sí"),"") | O18: =IF(AND($B18=PRESENTACIÓN!$B$5,$C18="Obra",$I18="Sí"),COUNTIFS($B$18:$B18,PRESENTACIÓN!$B$5,$C$18:$C18,"Obra",$I$18:$I18,"Sí"),"")
A19: ITM-002 | B19: Proyecto arquitectónico | C19: Levantamiento | D19: Entender el encargo y el estado actual. | E19: Ficha de requerimientos + información base del encargo. | F19: PDF | G19: Base | H19: 1 | I19: Sí | K19: =IF(AND($B19=PRESENTACIÓN!$B$5,$C19="Levantamiento",$I19="Sí"),COUNTIFS($B$18:$B19,PRESENTACIÓN!$B$5,$C$18:$C19,"Levantamiento",$I$18:$I19,"Sí"),"") | L19: =IF(AND($B19=PRESENTACIÓN!$B$5,$C19="Anteproyecto",$I19="Sí"),COUNTIFS($B$18:$B19,PRESENTACIÓN!$B$5,$C$18:$C19,"Anteproyecto",$I$18:$I19,"Sí"),"") | M19: =IF(AND($B19=PRESENTACIÓN!$B$5,$C19="Desarrollo",$I19="Sí"),COUNTIFS($B$18:$B19,PRESENTACIÓN!$B$5,$C$18:$C19,"Desarrollo",$I$18:$I19,"Sí"),"") | N19: =IF(AND($B19=PRESENTACIÓN!$B$5,$C19="Expediente",$I19="Sí"),COUNTIFS($B$18:$B19,PRESENTACIÓN!$B$5,$C$18:$C19,"Expediente",$I$18:$I19,"Sí"),"") | O19: =IF(AND($B19=PRESENTACIÓN!$B$5,$C19="Obra",$I19="Sí"),COUNTIFS($B$18:$B19,PRESENTACIÓN!$B$5,$C$18:$C19,"Obra",$I$18:$I19,"Sí"),"")
A20: ITM-003 | B20: Anteproyecto | C20: Levantamiento | D20: Entender el encargo y el estado actual. | E20: Ficha de requerimientos + información base del encargo. | F20: PDF | G20: Base | H20: 1 | I20: Sí | K20: =IF(AND($B20=PRESENTACIÓN!$B$5,$C20="Levantamiento",$I20="Sí"),COUNTIFS($B$18:$B20,PRESENTACIÓN!$B$5,$C$18:$C20,"Levantamiento",$I$18:$I20,"Sí"),"") -> 1 | L20: =IF(AND($B20=PRESENTACIÓN!$B$5,$C20="Anteproyecto",$I20="Sí"),COUNTIFS($B$18:$B20,PRESENTACIÓN!$B$5,$C$18:$C20,"Anteproyecto",$I$18:$I20,"Sí"),"") | M20: =IF(AND($B20=PRESENTACIÓN!$B$5,$C20="Desarrollo",$I20="Sí"),COUNTIFS($B$18:$B20,PRESENTACIÓN!$B$5,$C$18:$C20,"Desarrollo",$I$18:$I20,"Sí"),"") | N20: =IF(AND($B20=PRESENTACIÓN!$B$5,$C20="Expediente",$I20="Sí"),COUNTIFS($B$18:$B20,PRESENTACIÓN!$B$5,$C$18:$C20,"Expediente",$I$18:$I20,"Sí"),"") | O20: =IF(AND($B20=PRESENTACIÓN!$B$5,$C20="Obra",$I20="Sí"),COUNTIFS($B$18:$B20,PRESENTACIÓN!$B$5,$C$18:$C20,"Obra",$I$18:$I20,"Sí"),"")
A21: ITM-004 | B21: Expediente técnico | C21: Levantamiento | D21: Entender el encargo y el estado actual. | E21: Ficha de requerimientos + información base del encargo. | F21: PDF | G21: Base | H21: 1 | I21: Sí | K21: =IF(AND($B21=PRESENTACIÓN!$B$5,$C21="Levantamiento",$I21="Sí"),COUNTIFS($B$18:$B21,PRESENTACIÓN!$B$5,$C$18:$C21,"Levantamiento",$I$18:$I21,"Sí"),"") | L21: =IF(AND($B21=PRESENTACIÓN!$B$5,$C21="Anteproyecto",$I21="Sí"),COUNTIFS($B$18:$B21,PRESENTACIÓN!$B$5,$C$18:$C21,"Anteproyecto",$I$18:$I21,"Sí"),"") | M21: =IF(AND($B21=PRESENTACIÓN!$B$5,$C21="Desarrollo",$I21="Sí"),COUNTIFS($B$18:$B21,PRESENTACIÓN!$B$5,$C$18:$C21,"Desarrollo",$I$18:$I21,"Sí"),"") | N21: =IF(AND($B21=PRESENTACIÓN!$B$5,$C21="Expediente",$I21="Sí"),COUNTIFS($B$18:$B21,PRESENTACIÓN!$B$5,$C$18:$C21,"Expediente",$I$18:$I21,"Sí"),"") | O21: =IF(AND($B21=PRESENTACIÓN!$B$5,$C21="Obra",$I21="Sí"),COUNTIFS($B$18:$B21,PRESENTACIÓN!$B$5,$C$18:$C21,"Obra",$I$18:$I21,"Sí"),"")
A22: ITM-005 | B22: Anteproyecto | C22: Anteproyecto | D22: Definir dirección y recomendaciones. | E22: Diagnóstico + recomendaciones de intervención y próximos pasos. | F22: PDF | G22: Conceptual | H22: 1 | I22: Sí | J22: No es proyecto completo. | K22: =IF(AND($B22=PRESENTACIÓN!$B$5,$C22="Levantamiento",$I22="Sí"),COUNTIFS($B$18:$B22,PRESENTACIÓN!$B$5,$C$18:$C22,"Levantamiento",$I$18:$I22,"Sí"),"") | L22: =IF(AND($B22=PRESENTACIÓN!$B$5,$C22="Anteproyecto",$I22="Sí"),COUNTIFS($B$18:$B22,PRESENTACIÓN!$B$5,$C$18:$C22,"Anteproyecto",$I$18:$I22,"Sí"),"") -> 1 | M22: =IF(AND($B22=PRESENTACIÓN!$B$5,$C22="Desarrollo",$I22="Sí"),COUNTIFS($B$18:$B22,PRESENTACIÓN!$B$5,$C$18:$C22,"Desarrollo",$I$18:$I22,"Sí"),"") | N22: =IF(AND($B22=PRESENTACIÓN!$B$5,$C22="Expediente",$I22="Sí"),COUNTIFS($B$18:$B22,PRESENTACIÓN!$B$5,$C$18:$C22,"Expediente",$I$18:$I22,"Sí"),"") | O22: =IF(AND($B22=PRESENTACIÓN!$B$5,$C22="Obra",$I22="Sí"),COUNTIFS($B$18:$B22,PRESENTACIÓN!$B$5,$C$18:$C22,"Obra",$I$18:$I22,"Sí"),"")
A23: ITM-006 | B23: Anteproyecto | C23: Anteproyecto | D23: Definir propuesta espacial preliminar. | E23: Propuesta de layout / distribución preliminar. | F23: PDF | G23: Preliminar | H23: 1 | I23: Sí | J23: Incluye rondas acordadas. | K23: =IF(AND($B23=PRESENTACIÓN!$B$5,$C23="Levantamiento",$I23="Sí"),COUNTIFS($B$18:$B23,PRESENTACIÓN!$B$5,$C$18:$C23,"Levantamiento",$I$18:$I23,"Sí"),"") | L23: =IF(AND($B23=PRESENTACIÓN!$B$5,$C23="Anteproyecto",$I23="Sí"),COUNTIFS($B$18:$B23,PRESENTACIÓN!$B$5,$C$18:$C23,"Anteproyecto",$I$18:$I23,"Sí"),"") -> 2 | M23: =IF(AND($B23=PRESENTACIÓN!$B$5,$C23="Desarrollo",$I23="Sí"),COUNTIFS($B$18:$B23,PRESENTACIÓN!$B$5,$C$18:$C23,"Desarrollo",$I$18:$I23,"Sí"),"") | N23: =IF(AND($B23=PRESENTACIÓN!$B$5,$C23="Expediente",$I23="Sí"),COUNTIFS($B$18:$B23,PRESENTACIÓN!$B$5,$C$18:$C23,"Expediente",$I$18:$I23,"Sí"),"") | O23: =IF(AND($B23=PRESENTACIÓN!$B$5,$C23="Obra",$I23="Sí"),COUNTIFS($B$18:$B23,PRESENTACIÓN!$B$5,$C$18:$C23,"Obra",$I$18:$I23,"Sí"),"")
A24: ITM-007 | B24: Anteproyecto | C24: Anteproyecto | D24: Alinear estética y criterios. | E24: Moodboard + criterios de materialidad referencial. | F24: PDF | G24: Referencial | H24: 1 | I24: Sí | K24: =IF(AND($B24=PRESENTACIÓN!$B$5,$C24="Levantamiento",$I24="Sí"),COUNTIFS($B$18:$B24,PRESENTACIÓN!$B$5,$C$18:$C24,"Levantamiento",$I$18:$I24,"Sí"),"") | L24: =IF(AND($B24=PRESENTACIÓN!$B$5,$C24="Anteproyecto",$I24="Sí"),COUNTIFS($B$18:$B24,PRESENTACIÓN!$B$5,$C$18:$C24,"Anteproyecto",$I$18:$I24,"Sí"),"") -> 3 | M24: =IF(AND($B24=PRESENTACIÓN!$B$5,$C24="Desarrollo",$I24="Sí"),COUNTIFS($B$18:$B24,PRESENTACIÓN!$B$5,$C$18:$C24,"Desarrollo",$I$18:$I24,"Sí"),"") | N24: =IF(AND($B24=PRESENTACIÓN!$B$5,$C24="Expediente",$I24="Sí"),COUNTIFS($B$18:$B24,PRESENTACIÓN!$B$5,$C$18:$C24,"Expediente",$I$18:$I24,"Sí"),"") | O24: =IF(AND($B24=PRESENTACIÓN!$B$5,$C24="Obra",$I24="Sí"),COUNTIFS($B$18:$B24,PRESENTACIÓN!$B$5,$C$18:$C24,"Obra",$I$18:$I24,"Sí"),"")
A25: ITM-008 | B25: Anteproyecto | C25: Anteproyecto | D25: Comunicar la idea. | E25: Plantas preliminares + cortes/elevaciones base. | F25: PDF | G25: Preliminar | H25: 1 paquete | I25: Sí | K25: =IF(AND($B25=PRESENTACIÓN!$B$5,$C25="Levantamiento",$I25="Sí"),COUNTIFS($B$18:$B25,PRESENTACIÓN!$B$5,$C$18:$C25,"Levantamiento",$I$18:$I25,"Sí"),"") | L25: =IF(AND($B25=PRESENTACIÓN!$B$5,$C25="Anteproyecto",$I25="Sí"),COUNTIFS($B$18:$B25,PRESENTACIÓN!$B$5,$C$18:$C25,"Anteproyecto",$I$18:$I25,"Sí"),"") -> 4 | M25: =IF(AND($B25=PRESENTACIÓN!$B$5,$C25="Desarrollo",$I25="Sí"),COUNTIFS($B$18:$B25,PRESENTACIÓN!$B$5,$C$18:$C25,"Desarrollo",$I$18:$I25,"Sí"),"") | N25: =IF(AND($B25=PRESENTACIÓN!$B$5,$C25="Expediente",$I25="Sí"),COUNTIFS($B$18:$B25,PRESENTACIÓN!$B$5,$C$18:$C25,"Expediente",$I$18:$I25,"Sí"),"") | O25: =IF(AND($B25=PRESENTACIÓN!$B$5,$C25="Obra",$I25="Sí"),COUNTIFS($B$18:$B25,PRESENTACIÓN!$B$5,$C$18:$C25,"Obra",$I$18:$I25,"Sí"),"")
A26: ITM-009 | B26: Anteproyecto | C26: Anteproyecto | D26: Visualizar el espacio. | E26: Vistas 3D / renders base (según alcance). | F26: JPG/PDF | G26: Preliminar | H26: 3–5 | I26: Sí | K26: =IF(AND($B26=PRESENTACIÓN!$B$5,$C26="Levantamiento",$I26="Sí"),COUNTIFS($B$18:$B26,PRESENTACIÓN!$B$5,$C$18:$C26,"Levantamiento",$I$18:$I26,"Sí"),"") | L26: =IF(AND($B26=PRESENTACIÓN!$B$5,$C26="Anteproyecto",$I26="Sí"),COUNTIFS($B$18:$B26,PRESENTACIÓN!$B$5,$C$18:$C26,"Anteproyecto",$I$18:$I26,"Sí"),"") -> 5 | M26: =IF(AND($B26=PRESENTACIÓN!$B$5,$C26="Desarrollo",$I26="Sí"),COUNTIFS($B$18:$B26,PRESENTACIÓN!$B$5,$C$18:$C26,"Desarrollo",$I$18:$I26,"Sí"),"") | N26: =IF(AND($B26=PRESENTACIÓN!$B$5,$C26="Expediente",$I26="Sí"),COUNTIFS($B$18:$B26,PRESENTACIÓN!$B$5,$C$18:$C26,"Expediente",$I$18:$I26,"Sí"),"") | O26: =IF(AND($B26=PRESENTACIÓN!$B$5,$C26="Obra",$I26="Sí"),COUNTIFS($B$18:$B26,PRESENTACIÓN!$B$5,$C$18:$C26,"Obra",$I$18:$I26,"Sí"),"")
A27: ITM-010 | B27: Proyecto arquitectónico | C27: Desarrollo | D27: Desarrollar el proyecto aprobado. | E27: Plantas, cortes y elevaciones desarrolladas. | F27: PDF | G27: Desarrollado | H27: 1 paquete | I27: Sí | K27: =IF(AND($B27=PRESENTACIÓN!$B$5,$C27="Levantamiento",$I27="Sí"),COUNTIFS($B$18:$B27,PRESENTACIÓN!$B$5,$C$18:$C27,"Levantamiento",$I$18:$I27,"Sí"),"") | L27: =IF(AND($B27=PRESENTACIÓN!$B$5,$C27="Anteproyecto",$I27="Sí"),COUNTIFS($B$18:$B27,PRESENTACIÓN!$B$5,$C$18:$C27,"Anteproyecto",$I$18:$I27,"Sí"),"") | M27: =IF(AND($B27=PRESENTACIÓN!$B$5,$C27="Desarrollo",$I27="Sí"),COUNTIFS($B$18:$B27,PRESENTACIÓN!$B$5,$C$18:$C27,"Desarrollo",$I$18:$I27,"Sí"),"") | N27: =IF(AND($B27=PRESENTACIÓN!$B$5,$C27="Expediente",$I27="Sí"),COUNTIFS($B$18:$B27,PRESENTACIÓN!$B$5,$C$18:$C27,"Expediente",$I$18:$I27,"Sí"),"") | O27: =IF(AND($B27=PRESENTACIÓN!$B$5,$C27="Obra",$I27="Sí"),COUNTIFS($B$18:$B27,PRESENTACIÓN!$B$5,$C$18:$C27,"Obra",$I$18:$I27,"Sí"),"")
A28: ITM-011 | B28: Proyecto arquitectónico | C28: Desarrollo | D28: Definir soluciones clave. | E28: Detalles arquitectónicos críticos (según proyecto). | F28: PDF | G28: Desarrollado | H28: 8–15 | I28: Sí | K28: =IF(AND($B28=PRESENTACIÓN!$B$5,$C28="Levantamiento",$I28="Sí"),COUNTIFS($B$18:$B28,PRESENTACIÓN!$B$5,$C$18:$C28,"Levantamiento",$I$18:$I28,"Sí"),"") | L28: =IF(AND($B28=PRESENTACIÓN!$B$5,$C28="Anteproyecto",$I28="Sí"),COUNTIFS($B$18:$B28,PRESENTACIÓN!$B$5,$C$18:$C28,"Anteproyecto",$I$18:$I28,"Sí"),"") | M28: =IF(AND($B28=PRESENTACIÓN!$B$5,$C28="Desarrollo",$I28="Sí"),COUNTIFS($B$18:$B28,PRESENTACIÓN!$B$5,$C$18:$C28,"Desarrollo",$I$18:$I28,"Sí"),"") | N28: =IF(AND($B28=PRESENTACIÓN!$B$5,$C28="Expediente",$I28="Sí"),COUNTIFS($B$18:$B28,PRESENTACIÓN!$B$5,$C$18:$C28,"Expediente",$I$18:$I28,"Sí"),"") | O28: =IF(AND($B28=PRESENTACIÓN!$B$5,$C28="Obra",$I28="Sí"),COUNTIFS($B$18:$B28,PRESENTACIÓN!$B$5,$C$18:$C28,"Obra",$I$18:$I28,"Sí"),"")
A29: ITM-012 | B29: Anteproyecto | C29: Desarrollo | D29: Alinear especificaciones base. | E29: Cuadro de acabados / criterios base (si aplica). | F29: PDF | G29: Referencial | H29: 1 | I29: Sí | K29: =IF(AND($B29=PRESENTACIÓN!$B$5,$C29="Levantamiento",$I29="Sí"),COUNTIFS($B$18:$B29,PRESENTACIÓN!$B$5,$C$18:$C29,"Levantamiento",$I$18:$I29,"Sí"),"") | L29: =IF(AND($B29=PRESENTACIÓN!$B$5,$C29="Anteproyecto",$I29="Sí"),COUNTIFS($B$18:$B29,PRESENTACIÓN!$B$5,$C$18:$C29,"Anteproyecto",$I$18:$I29,"Sí"),"") | M29: =IF(AND($B29=PRESENTACIÓN!$B$5,$C29="Desarrollo",$I29="Sí"),COUNTIFS($B$18:$B29,PRESENTACIÓN!$B$5,$C$18:$C29,"Desarrollo",$I$18:$I29,"Sí"),"") -> 1 | N29: =IF(AND($B29=PRESENTACIÓN!$B$5,$C29="Expediente",$I29="Sí"),COUNTIFS($B$18:$B29,PRESENTACIÓN!$B$5,$C$18:$C29,"Expediente",$I$18:$I29,"Sí"),"") | O29: =IF(AND($B29=PRESENTACIÓN!$B$5,$C29="Obra",$I29="Sí"),COUNTIFS($B$18:$B29,PRESENTACIÓN!$B$5,$C$18:$C29,"Obra",$I$18:$I29,"Sí"),"")
A30: ITM-013 | B30: Anteproyecto | C30: Desarrollo | D30: Coordinar decisiones. | E30: Acta de decisiones / acuerdos de revisión. | F30: PDF | G30: Control | H30: 1 | I30: Sí | K30: =IF(AND($B30=PRESENTACIÓN!$B$5,$C30="Levantamiento",$I30="Sí"),COUNTIFS($B$18:$B30,PRESENTACIÓN!$B$5,$C$18:$C30,"Levantamiento",$I$18:$I30,"Sí"),"") | L30: =IF(AND($B30=PRESENTACIÓN!$B$5,$C30="Anteproyecto",$I30="Sí"),COUNTIFS($B$18:$B30,PRESENTACIÓN!$B$5,$C$18:$C30,"Anteproyecto",$I$18:$I30,"Sí"),"") | M30: =IF(AND($B30=PRESENTACIÓN!$B$5,$C30="Desarrollo",$I30="Sí"),COUNTIFS($B$18:$B30,PRESENTACIÓN!$B$5,$C$18:$C30,"Desarrollo",$I$18:$I30,"Sí"),"") -> 2 | N30: =IF(AND($B30=PRESENTACIÓN!$B$5,$C30="Expediente",$I30="Sí"),COUNTIFS($B$18:$B30,PRESENTACIÓN!$B$5,$C$18:$C30,"Expediente",$I$18:$I30,"Sí"),"") | O30: =IF(AND($B30=PRESENTACIÓN!$B$5,$C30="Obra",$I30="Sí"),COUNTIFS($B$18:$B30,PRESENTACIÓN!$B$5,$C$18:$C30,"Obra",$I$18:$I30,"Sí"),"")
A31: ITM-014 | B31: Expediente técnico | C31: Expediente | D31: Documentar para construcción. | E31: Planos arquitectónicos para obra (set). | F31: PDF | G31: Constructivo | H31: 1 set | I31: Sí | K31: =IF(AND($B31=PRESENTACIÓN!$B$5,$C31="Levantamiento",$I31="Sí"),COUNTIFS($B$18:$B31,PRESENTACIÓN!$B$5,$C$18:$C31,"Levantamiento",$I$18:$I31,"Sí"),"") | L31: =IF(AND($B31=PRESENTACIÓN!$B$5,$C31="Anteproyecto",$I31="Sí"),COUNTIFS($B$18:$B31,PRESENTACIÓN!$B$5,$C$18:$C31,"Anteproyecto",$I$18:$I31,"Sí"),"") | M31: =IF(AND($B31=PRESENTACIÓN!$B$5,$C31="Desarrollo",$I31="Sí"),COUNTIFS($B$18:$B31,PRESENTACIÓN!$B$5,$C$18:$C31,"Desarrollo",$I$18:$I31,"Sí"),"") | N31: =IF(AND($B31=PRESENTACIÓN!$B$5,$C31="Expediente",$I31="Sí"),COUNTIFS($B$18:$B31,PRESENTACIÓN!$B$5,$C$18:$C31,"Expediente",$I$18:$I31,"Sí"),"") | O31: =IF(AND($B31=PRESENTACIÓN!$B$5,$C31="Obra",$I31="Sí"),COUNTIFS($B$18:$B31,PRESENTACIÓN!$B$5,$C$18:$C31,"Obra",$I$18:$I31,"Sí"),"")
A32: ITM-015 | B32: Anteproyecto | C32: Expediente | D32: Asegurar entendimiento. | E32: Memoria descriptiva arquitectónica. | F32: PDF | G32: Técnico | H32: 1 | I32: Sí | K32: =IF(AND($B32=PRESENTACIÓN!$B$5,$C32="Levantamiento",$I32="Sí"),COUNTIFS($B$18:$B32,PRESENTACIÓN!$B$5,$C$18:$C32,"Levantamiento",$I$18:$I32,"Sí"),"") | L32: =IF(AND($B32=PRESENTACIÓN!$B$5,$C32="Anteproyecto",$I32="Sí"),COUNTIFS($B$18:$B32,PRESENTACIÓN!$B$5,$C$18:$C32,"Anteproyecto",$I$18:$I32,"Sí"),"") | M32: =IF(AND($B32=PRESENTACIÓN!$B$5,$C32="Desarrollo",$I32="Sí"),COUNTIFS($B$18:$B32,PRESENTACIÓN!$B$5,$C$18:$C32,"Desarrollo",$I$18:$I32,"Sí"),"") | N32: =IF(AND($B32=PRESENTACIÓN!$B$5,$C32="Expediente",$I32="Sí"),COUNTIFS($B$18:$B32,PRESENTACIÓN!$B$5,$C$18:$C32,"Expediente",$I$18:$I32,"Sí"),"") -> 1 | O32: =IF(AND($B32=PRESENTACIÓN!$B$5,$C32="Obra",$I32="Sí"),COUNTIFS($B$18:$B32,PRESENTACIÓN!$B$5,$C$18:$C32,"Obra",$I$18:$I32,"Sí"),"")
A33: ITM-016 | B33: Expediente técnico | C33: Expediente | D33: Apoyar compatibilización. | E33: Lista de pendientes y criterios para coordinación. | F33: PDF | G33: Control | H33: 1 | I33: Sí | J33: Especialidades no incluidas salvo acuerdo. | K33: =IF(AND($B33=PRESENTACIÓN!$B$5,$C33="Levantamiento",$I33="Sí"),COUNTIFS($B$18:$B33,PRESENTACIÓN!$B$5,$C$18:$C33,"Levantamiento",$I$18:$I33,"Sí"),"") | L33: =IF(AND($B33=PRESENTACIÓN!$B$5,$C33="Anteproyecto",$I33="Sí"),COUNTIFS($B$18:$B33,PRESENTACIÓN!$B$5,$C$18:$C33,"Anteproyecto",$I$18:$I33,"Sí"),"") | M33: =IF(AND($B33=PRESENTACIÓN!$B$5,$C33="Desarrollo",$I33="Sí"),COUNTIFS($B$18:$B33,PRESENTACIÓN!$B$5,$C$18:$C33,"Desarrollo",$I$18:$I33,"Sí"),"") | N33: =IF(AND($B33=PRESENTACIÓN!$B$5,$C33="Expediente",$I33="Sí"),COUNTIFS($B$18:$B33,PRESENTACIÓN!$B$5,$C$18:$C33,"Expediente",$I$18:$I33,"Sí"),"") | O33: =IF(AND($B33=PRESENTACIÓN!$B$5,$C33="Obra",$I33="Sí"),COUNTIFS($B$18:$B33,PRESENTACIÓN!$B$5,$C$18:$C33,"Obra",$I$18:$I33,"Sí"),"")
A34: ITM-017 | B34: Supervisión de obra | C34: Obra | D34: Acompañar la ejecución con control. | E34: Visitas programadas + informe por visita. | F34: PDF | G34: Control | H34: 4–8 | I34: Sí | K34: =IF(AND($B34=PRESENTACIÓN!$B$5,$C34="Levantamiento",$I34="Sí"),COUNTIFS($B$18:$B34,PRESENTACIÓN!$B$5,$C$18:$C34,"Levantamiento",$I$18:$I34,"Sí"),"") | L34: =IF(AND($B34=PRESENTACIÓN!$B$5,$C34="Anteproyecto",$I34="Sí"),COUNTIFS($B$18:$B34,PRESENTACIÓN!$B$5,$C$18:$C34,"Anteproyecto",$I$18:$I34,"Sí"),"") | M34: =IF(AND($B34=PRESENTACIÓN!$B$5,$C34="Desarrollo",$I34="Sí"),COUNTIFS($B$18:$B34,PRESENTACIÓN!$B$5,$C$18:$C34,"Desarrollo",$I$18:$I34,"Sí"),"") | N34: =IF(AND($B34=PRESENTACIÓN!$B$5,$C34="Expediente",$I34="Sí"),COUNTIFS($B$18:$B34,PRESENTACIÓN!$B$5,$C$18:$C34,"Expediente",$I$18:$I34,"Sí"),"") | O34: =IF(AND($B34=PRESENTACIÓN!$B$5,$C34="Obra",$I34="Sí"),COUNTIFS($B$18:$B34,PRESENTACIÓN!$B$5,$C$18:$C34,"Obra",$I$18:$I34,"Sí"),"")
A35: ITM-018 | B35: Anteproyecto | C35: Obra | D35: Resolver dudas en obra. | E35: Absolución de consultas y revisiones puntuales. | F35: Email/PDF | G35: Soporte | H35: Según obra | I35: Sí | K35: =IF(AND($B35=PRESENTACIÓN!$B$5,$C35="Levantamiento",$I35="Sí"),COUNTIFS($B$18:$B35,PRESENTACIÓN!$B$5,$C$18:$C35,"Levantamiento",$I$18:$I35,"Sí"),"") | L35: =IF(AND($B35=PRESENTACIÓN!$B$5,$C35="Anteproyecto",$I35="Sí"),COUNTIFS($B$18:$B35,PRESENTACIÓN!$B$5,$C$18:$C35,"Anteproyecto",$I$18:$I35,"Sí"),"") | M35: =IF(AND($B35=PRESENTACIÓN!$B$5,$C35="Desarrollo",$I35="Sí"),COUNTIFS($B$18:$B35,PRESENTACIÓN!$B$5,$C$18:$C35,"Desarrollo",$I$18:$I35,"Sí"),"") | N35: =IF(AND($B35=PRESENTACIÓN!$B$5,$C35="Expediente",$I35="Sí"),COUNTIFS($B$18:$B35,PRESENTACIÓN!$B$5,$C$18:$C35,"Expediente",$I$18:$I35,"Sí"),"") | O35: =IF(AND($B35=PRESENTACIÓN!$B$5,$C35="Obra",$I35="Sí"),COUNTIFS($B$18:$B35,PRESENTACIÓN!$B$5,$C$18:$C35,"Obra",$I$18:$I35,"Sí"),"") -> 1
A36: ITM-019 | B36: Anteproyecto | C36: Obra | D36: Controlar cambios. | E36: Registro de cambios y adicionales (si aplica). | F36: PDF | G36: Control | H36: 1 | I36: Sí | K36: =IF(AND($B36=PRESENTACIÓN!$B$5,$C36="Levantamiento",$I36="Sí"),COUNTIFS($B$18:$B36,PRESENTACIÓN!$B$5,$C$18:$C36,"Levantamiento",$I$18:$I36,"Sí"),"") | L36: =IF(AND($B36=PRESENTACIÓN!$B$5,$C36="Anteproyecto",$I36="Sí"),COUNTIFS($B$18:$B36,PRESENTACIÓN!$B$5,$C$18:$C36,"Anteproyecto",$I$18:$I36,"Sí"),"") | M36: =IF(AND($B36=PRESENTACIÓN!$B$5,$C36="Desarrollo",$I36="Sí"),COUNTIFS($B$18:$B36,PRESENTACIÓN!$B$5,$C$18:$C36,"Desarrollo",$I$18:$I36,"Sí"),"") | N36: =IF(AND($B36=PRESENTACIÓN!$B$5,$C36="Expediente",$I36="Sí"),COUNTIFS($B$18:$B36,PRESENTACIÓN!$B$5,$C$18:$C36,"Expediente",$I$18:$I36,"Sí"),"") | O36: =IF(AND($B36=PRESENTACIÓN!$B$5,$C36="Obra",$I36="Sí"),COUNTIFS($B$18:$B36,PRESENTACIÓN!$B$5,$C$18:$C36,"Obra",$I$18:$I36,"Sí"),"") -> 2
A37: ITM-020 | B37: Diseño + ejecución | C37: Obra | D37: Implementación integral. | E37: Cronograma base + control de hitos. | F37: PDF | G37: Control | H37: 1 | I37: Sí | K37: =IF(AND($B37=PRESENTACIÓN!$B$5,$C37="Levantamiento",$I37="Sí"),COUNTIFS($B$18:$B37,PRESENTACIÓN!$B$5,$C$18:$C37,"Levantamiento",$I$18:$I37,"Sí"),"") | L37: =IF(AND($B37=PRESENTACIÓN!$B$5,$C37="Anteproyecto",$I37="Sí"),COUNTIFS($B$18:$B37,PRESENTACIÓN!$B$5,$C$18:$C37,"Anteproyecto",$I$18:$I37,"Sí"),"") | M37: =IF(AND($B37=PRESENTACIÓN!$B$5,$C37="Desarrollo",$I37="Sí"),COUNTIFS($B$18:$B37,PRESENTACIÓN!$B$5,$C$18:$C37,"Desarrollo",$I$18:$I37,"Sí"),"") | N37: =IF(AND($B37=PRESENTACIÓN!$B$5,$C37="Expediente",$I37="Sí"),COUNTIFS($B$18:$B37,PRESENTACIÓN!$B$5,$C$18:$C37,"Expediente",$I$18:$I37,"Sí"),"") | O37: =IF(AND($B37=PRESENTACIÓN!$B$5,$C37="Obra",$I37="Sí"),COUNTIFS($B$18:$B37,PRESENTACIÓN!$B$5,$C$18:$C37,"Obra",$I$18:$I37,"Sí"),"")
A38: ITM-021 | B38: Diseño + ejecución | C38: Obra | D38: Asegurar entregables finales. | E38: Acta de cierre y entrega final. | F38: PDF | G38: Cierre | H38: 1 | I38: Sí | K38: =IF(AND($B38=PRESENTACIÓN!$B$5,$C38="Levantamiento",$I38="Sí"),COUNTIFS($B$18:$B38,PRESENTACIÓN!$B$5,$C$18:$C38,"Levantamiento",$I$18:$I38,"Sí"),"") | L38: =IF(AND($B38=PRESENTACIÓN!$B$5,$C38="Anteproyecto",$I38="Sí"),COUNTIFS($B$18:$B38,PRESENTACIÓN!$B$5,$C$18:$C38,"Anteproyecto",$I$18:$I38,"Sí"),"") | M38: =IF(AND($B38=PRESENTACIÓN!$B$5,$C38="Desarrollo",$I38="Sí"),COUNTIFS($B$18:$B38,PRESENTACIÓN!$B$5,$C$18:$C38,"Desarrollo",$I$18:$I38,"Sí"),"") | N38: =IF(AND($B38=PRESENTACIÓN!$B$5,$C38="Expediente",$I38="Sí"),COUNTIFS($B$18:$B38,PRESENTACIÓN!$B$5,$C$18:$C38,"Expediente",$I$18:$I38,"Sí"),"") | O38: =IF(AND($B38=PRESENTACIÓN!$B$5,$C38="Obra",$I38="Sí"),COUNTIFS($B$18:$B38,PRESENTACIÓN!$B$5,$C$18:$C38,"Obra",$I$18:$I38,"Sí"),"")

Sheet PRESENTACIÓN
A1: MATRIZ DE ENTREGABLES (para cliente)
A3: Cliente | E3: Proyecto
A4: Ubicación | E4: Fecha | F4: =TODAY() -> 46093
A5: Paquete | B5: Anteproyecto
A7: Esta matriz resume qué se entrega por etapa. Solo muestra ítems con Incluye=Sí para el paquete seleccionado.
A10: LEVANTAMIENTO
A11: Entregables (incluye formato)
A12: =IF(IFERROR(INDEX('LISTAS + README'!$E$18:$E$200, MATCH(1, 'LISTAS + README'!$K$18:$K$200, 0)),"")="","", IFERROR(INDEX('LISTAS + README'!$E$18:$E$200, MATCH(1, 'LISTAS + README'!$K$18:$K$200, 0)),"") & IF(IFERROR(INDEX('LISTAS + README'!$F$18:$F$200, MATCH(1, 'LISTAS + README'!$K$18:$K$200, 0)),"")="","", " (" & IFERROR(INDEX('LISTAS + README'!$F$18:$F$200, MATCH(1, 'LISTAS + README'!$K$18:$K$200, 0)),"") & ")")) -> Ficha de requerimientos + información base del encargo. (PDF)
A13: =IF(IFERROR(INDEX('LISTAS + README'!$E$18:$E$200, MATCH(2, 'LISTAS + README'!$K$18:$K$200, 0)),"")="","", IFERROR(INDEX('LISTAS + README'!$E$18:$E$200, MATCH(2, 'LISTAS + README'!$K$18:$K$200, 0)),"") & IF(IFERROR(INDEX('LISTAS + README'!$F$18:$F$200, MATCH(2, 'LISTAS + README'!$K$18:$K$200, 0)),"")="","", " (" & IFERROR(INDEX('LISTAS + README'!$F$18:$F$200, MATCH(2, 'LISTAS + README'!$K$18:$K$200, 0)),"") & ")"))
A14: =IF(IFERROR(INDEX('LISTAS + README'!$E$18:$E$200, MATCH(3, 'LISTAS + README'!$K$18:$K$200, 0)),"")="","", IFERROR(INDEX('LISTAS + README'!$E$18:$E$200, MATCH(3, 'LISTAS + README'!$K$18:$K$200, 0)),"") & IF(IFERROR(INDEX('LISTAS + README'!$F$18:$F$200, MATCH(3, 'LISTAS + README'!$K$18:$K$200, 0)),"")="","", " (" & IFERROR(INDEX('LISTAS + README'!$F$18:$F$200, MATCH(3, 'LISTAS + README'!$K$18:$K$200, 0)),"") & ")"))
A15: =IF(IFERROR(INDEX('LISTAS + README'!$E$18:$E$200, MATCH(4, 'LISTAS + README'!$K$18:$K$200, 0)),"")="","", IFERROR(INDEX('LISTAS + README'!$E$18:$E$200, MATCH(4, 'LISTAS + README'!$K$18:$K$200, 0)),"") & IF(IFERROR(INDEX('LISTAS + README'!$F$18:$F$200, MATCH(4, 'LISTAS + README'!$K$18:$K$200, 0)),"")="","", " (" & IFERROR(INDEX('LISTAS + README'!$F$18:$F$200, MATCH(4, 'LISTAS + README'!$K$18:$K$200, 0)),"") & ")"))
A17: ANTEPROYECTO
A18: Entregables (incluye formato)
A19: =IF(IFERROR(INDEX('LISTAS + README'!$E$18:$E$200, MATCH(1, 'LISTAS + README'!$L$18:$L$200, 0)),"")="","", IFERROR(INDEX('LISTAS + README'!$E$18:$E$200, MATCH(1, 'LISTAS + README'!$L$18:$L$200, 0)),"") & IF(IFERROR(INDEX('LISTAS + README'!$F$18:$F$200, MATCH(1, 'LISTAS + README'!$L$18:$L$200, 0)),"")="","", " (" & IFERROR(INDEX('LISTAS + README'!$F$18:$F$200, MATCH(1, 'LISTAS + README'!$L$18:$L$200, 0)),"") & ")")) -> Diagnóstico + recomendaciones de intervención y próximos pasos. (PDF)
A20: =IF(IFERROR(INDEX('LISTAS + README'!$E$18:$E$200, MATCH(2, 'LISTAS + README'!$L$18:$L$200, 0)),"")="","", IFERROR(INDEX('LISTAS + README'!$E$18:$E$200, MATCH(2, 'LISTAS + README'!$L$18:$L$200, 0)),"") & IF(IFERROR(INDEX('LISTAS + README'!$F$18:$F$200, MATCH(2, 'LISTAS + README'!$L$18:$L$200, 0)),"")="","", " (" & IFERROR(INDEX('LISTAS + README'!$F$18:$F$200, MATCH(2, 'LISTAS + README'!$L$18:$L$200, 0)),"") & ")")) -> Propuesta de layout / distribución preliminar. (PDF)
A21: =IF(IFERROR(INDEX('LISTAS + README'!$E$18:$E$200, MATCH(3, 'LISTAS + README'!$L$18:$L$200, 0)),"")="","", IFERROR(INDEX('LISTAS + README'!$E$18:$E$200, MATCH(3, 'LISTAS + README'!$L$18:$L$200, 0)),"") & IF(IFERROR(INDEX('LISTAS + README'!$F$18:$F$200, MATCH(3, 'LISTAS + README'!$L$18:$L$200, 0)),"")="","", " (" & IFERROR(INDEX('LISTAS + README'!$F$18:$F$200, MATCH(3, 'LISTAS + README'!$L$18:$L$200, 0)),"") & ")")) -> Moodboard + criterios de materialidad referencial. (PDF)
A22: =IF(IFERROR(INDEX('LISTAS + README'!$E$18:$E$200, MATCH(4, 'LISTAS + README'!$L$18:$L$200, 0)),"")="","", IFERROR(INDEX('LISTAS + README'!$E$18:$E$200, MATCH(4, 'LISTAS + README'!$L$18:$L$200, 0)),"") & IF(IFERROR(INDEX('LISTAS + README'!$F$18:$F$200, MATCH(4, 'LISTAS + README'!$L$18:$L$200, 0)),"")="","", " (" & IFERROR(INDEX('LISTAS + README'!$F$18:$F$200, MATCH(4, 'LISTAS + README'!$L$18:$L$200, 0)),"") & ")")) -> Plantas preliminares + cortes/elevaciones base. (PDF)
A23: =IF(IFERROR(INDEX('LISTAS + README'!$E$18:$E$200, MATCH(5, 'LISTAS + README'!$L$18:$L$200, 0)),"")="","", IFERROR(INDEX('LISTAS + README'!$E$18:$E$200, MATCH(5, 'LISTAS + README'!$L$18:$L$200, 0)),"") & IF(IFERROR(INDEX('LISTAS + README'!$F$18:$F$200, MATCH(5, 'LISTAS + README'!$L$18:$L$200, 0)),"")="","", " (" & IFERROR(INDEX('LISTAS + README'!$F$18:$F$200, MATCH(5, 'LISTAS + README'!$L$18:$L$200, 0)),"") & ")")) -> Vistas 3D / renders base (según alcance). (JPG/PDF)
A24: =IF(IFERROR(INDEX('LISTAS + README'!$E$18:$E$200, MATCH(6, 'LISTAS + README'!$L$18:$L$200, 0)),"")="","", IFERROR(INDEX('LISTAS + README'!$E$18:$E$200, MATCH(6, 'LISTAS + README'!$L$18:$L$200, 0)),"") & IF(IFERROR(INDEX('LISTAS + README'!$F$18:$F$200, MATCH(6, 'LISTAS + README'!$L$18:$L$200, 0)),"")="","", " (" & IFERROR(INDEX('LISTAS + README'!$F$18:$F$200, MATCH(6, 'LISTAS + README'!$L$18:$L$200, 0)),"") & ")"))
A26: DESARROLLO
A27: Entregables (incluye formato)
A28: =IF(IFERROR(INDEX('LISTAS + README'!$E$18:$E$200, MATCH(1, 'LISTAS + README'!$M$18:$M$200, 0)),"")="","", IFERROR(INDEX('LISTAS + README'!$E$18:$E$200, MATCH(1, 'LISTAS + README'!$M$18:$M$200, 0)),"") & IF(IFERROR(INDEX('LISTAS + README'!$F$18:$F$200, MATCH(1, 'LISTAS + README'!$M$18:$M$200, 0)),"")="","", " (" & IFERROR(INDEX('LISTAS + README'!$F$18:$F$200, MATCH(1, 'LISTAS + README'!$M$18:$M$200, 0)),"") & ")")) -> Cuadro de acabados / criterios base (si aplica). (PDF)
A29: =IF(IFERROR(INDEX('LISTAS + README'!$E$18:$E$200, MATCH(2, 'LISTAS + README'!$M$18:$M$200, 0)),"")="","", IFERROR(INDEX('LISTAS + README'!$E$18:$E$200, MATCH(2, 'LISTAS + README'!$M$18:$M$200, 0)),"") & IF(IFERROR(INDEX('LISTAS + README'!$F$18:$F$200, MATCH(2, 'LISTAS + README'!$M$18:$M$200, 0)),"")="","", " (" & IFERROR(INDEX('LISTAS + README'!$F$18:$F$200, MATCH(2, 'LISTAS + README'!$M$18:$M$200, 0)),"") & ")")) -> Acta de decisiones / acuerdos de revisión. (PDF)
A30: =IF(IFERROR(INDEX('LISTAS + README'!$E$18:$E$200, MATCH(3, 'LISTAS + README'!$M$18:$M$200, 0)),"")="","", IFERROR(INDEX('LISTAS + README'!$E$18:$E$200, MATCH(3, 'LISTAS + README'!$M$18:$M$200, 0)),"") & IF(IFERROR(INDEX('LISTAS + README'!$F$18:$F$200, MATCH(3, 'LISTAS + README'!$M$18:$M$200, 0)),"")="","", " (" & IFERROR(INDEX('LISTAS + README'!$F$18:$F$200, MATCH(3, 'LISTAS + README'!$M$18:$M$200, 0)),"") & ")"))
A31: =IF(IFERROR(INDEX('LISTAS + README'!$E$18:$E$200, MATCH(4, 'LISTAS + README'!$M$18:$M$200, 0)),"")="","", IFERROR(INDEX('LISTAS + README'!$E$18:$E$200, MATCH(4, 'LISTAS + README'!$M$18:$M$200, 0)),"") & IF(IFERROR(INDEX('LISTAS + README'!$F$18:$F$200, MATCH(4, 'LISTAS + README'!$M$18:$M$200, 0)),"")="","", " (" & IFERROR(INDEX('LISTAS + README'!$F$18:$F$200, MATCH(4, 'LISTAS + README'!$M$18:$M$200, 0)),"") & ")"))
A32: =IF(IFERROR(INDEX('LISTAS + README'!$E$18:$E$200, MATCH(5, 'LISTAS + README'!$M$18:$M$200, 0)),"")="","", IFERROR(INDEX('LISTAS + README'!$E$18:$E$200, MATCH(5, 'LISTAS + README'!$M$18:$M$200, 0)),"") & IF(IFERROR(INDEX('LISTAS + README'!$F$18:$F$200, MATCH(5, 'LISTAS + README'!$M$18:$M$200, 0)),"")="","", " (" & IFERROR(INDEX('LISTAS + README'!$F$18:$F$200, MATCH(5, 'LISTAS + README'!$M$18:$M$200, 0)),"") & ")"))
A33: =IF(IFERROR(INDEX('LISTAS + README'!$E$18:$E$200, MATCH(6, 'LISTAS + README'!$M$18:$M$200, 0)),"")="","", IFERROR(INDEX('LISTAS + README'!$E$18:$E$200, MATCH(6, 'LISTAS + README'!$M$18:$M$200, 0)),"") & IF(IFERROR(INDEX('LISTAS + README'!$F$18:$F$200, MATCH(6, 'LISTAS + README'!$M$18:$M$200, 0)),"")="","", " (" & IFERROR(INDEX('LISTAS + README'!$F$18:$F$200, MATCH(6, 'LISTAS + README'!$M$18:$M$200, 0)),"") & ")"))
A35: EXPEDIENTE
A36: Entregables (incluye formato)
A37: =IF(IFERROR(INDEX('LISTAS + README'!$E$18:$E$200, MATCH(1, 'LISTAS + README'!$N$18:$N$200, 0)),"")="","", IFERROR(INDEX('LISTAS + README'!$E$18:$E$200, MATCH(1, 'LISTAS + README'!$N$18:$N$200, 0)),"") & IF(IFERROR(INDEX('LISTAS + README'!$F$18:$F$200, MATCH(1, 'LISTAS + README'!$N$18:$N$200, 0)),"")="","", " (" & IFERROR(INDEX('LISTAS + README'!$F$18:$F$200, MATCH(1, 'LISTAS + README'!$N$18:$N$200, 0)),"") & ")")) -> Memoria descriptiva arquitectónica. (PDF)
A38: =IF(IFERROR(INDEX('LISTAS + README'!$E$18:$E$200, MATCH(2, 'LISTAS + README'!$N$18:$N$200, 0)),"")="","", IFERROR(INDEX('LISTAS + README'!$E$18:$E$200, MATCH(2, 'LISTAS + README'!$N$18:$N$200, 0)),"") & IF(IFERROR(INDEX('LISTAS + README'!$F$18:$F$200, MATCH(2, 'LISTAS + README'!$N$18:$N$200, 0)),"")="","", " (" & IFERROR(INDEX('LISTAS + README'!$F$18:$F$200, MATCH(2, 'LISTAS + README'!$N$18:$N$200, 0)),"") & ")"))
A39: =IF(IFERROR(INDEX('LISTAS + README'!$E$18:$E$200, MATCH(3, 'LISTAS + README'!$N$18:$N$200, 0)),"")="","", IFERROR(INDEX('LISTAS + README'!$E$18:$E$200, MATCH(3, 'LISTAS + README'!$N$18:$N$200, 0)),"") & IF(IFERROR(INDEX('LISTAS + README'!$F$18:$F$200, MATCH(3, 'LISTAS + README'!$N$18:$N$200, 0)),"")="","", " (" & IFERROR(INDEX('LISTAS + README'!$F$18:$F$200, MATCH(3, 'LISTAS + README'!$N$18:$N$200, 0)),"") & ")"))
A40: =IF(IFERROR(INDEX('LISTAS + README'!$E$18:$E$200, MATCH(4, 'LISTAS + README'!$N$18:$N$200, 0)),"")="","", IFERROR(INDEX('LISTAS + README'!$E$18:$E$200, MATCH(4, 'LISTAS + README'!$N$18:$N$200, 0)),"") & IF(IFERROR(INDEX('LISTAS + README'!$F$18:$F$200, MATCH(4, 'LISTAS + README'!$N$18:$N$200, 0)),"")="","", " (" & IFERROR(INDEX('LISTAS + README'!$F$18:$F$200, MATCH(4, 'LISTAS + README'!$N$18:$N$200, 0)),"") & ")"))
A42: OBRA
A43: Entregables (incluye formato)
A44: =IF(IFERROR(INDEX('LISTAS + README'!$E$18:$E$200, MATCH(1, 'LISTAS + README'!$O$18:$O$200, 0)),"")="","", IFERROR(INDEX('LISTAS + README'!$E$18:$E$200, MATCH(1, 'LISTAS + README'!$O$18:$O$200, 0)),"") & IF(IFERROR(INDEX('LISTAS + README'!$F$18:$F$200, MATCH(1, 'LISTAS + README'!$O$18:$O$200, 0)),"")="","", " (" & IFERROR(INDEX('LISTAS + README'!$F$18:$F$200, MATCH(1, 'LISTAS + README'!$O$18:$O$200, 0)),"") & ")")) -> Absolución de consultas y revisiones puntuales. (Email/PDF)
A45: =IF(IFERROR(INDEX('LISTAS + README'!$E$18:$E$200, MATCH(2, 'LISTAS + README'!$O$18:$O$200, 0)),"")="","", IFERROR(INDEX('LISTAS + README'!$E$18:$E$200, MATCH(2, 'LISTAS + README'!$O$18:$O$200, 0)),"") & IF(IFERROR(INDEX('LISTAS + README'!$F$18:$F$200, MATCH(2, 'LISTAS + README'!$O$18:$O$200, 0)),"")="","", " (" & IFERROR(INDEX('LISTAS + README'!$F$18:$F$200, MATCH(2, 'LISTAS + README'!$O$18:$O$200, 0)),"") & ")")) -> Registro de cambios y adicionales (si aplica). (PDF)
A46: =IF(IFERROR(INDEX('LISTAS + README'!$E$18:$E$200, MATCH(3, 'LISTAS + README'!$O$18:$O$200, 0)),"")="","", IFERROR(INDEX('LISTAS + README'!$E$18:$E$200, MATCH(3, 'LISTAS + README'!$O$18:$O$200, 0)),"") & IF(IFERROR(INDEX('LISTAS + README'!$F$18:$F$200, MATCH(3, 'LISTAS + README'!$O$18:$O$200, 0)),"")="","", " (" & IFERROR(INDEX('LISTAS + README'!$F$18:$F$200, MATCH(3, 'LISTAS + README'!$O$18:$O$200, 0)),"") & ")"))
A47: =IF(IFERROR(INDEX('LISTAS + README'!$E$18:$E$200, MATCH(4, 'LISTAS + README'!$O$18:$O$200, 0)),"")="","", IFERROR(INDEX('LISTAS + README'!$E$18:$E$200, MATCH(4, 'LISTAS + README'!$O$18:$O$200, 0)),"") & IF(IFERROR(INDEX('LISTAS + README'!$F$18:$F$200, MATCH(4, 'LISTAS + README'!$O$18:$O$200, 0)),"")="","", " (" & IFERROR(INDEX('LISTAS + README'!$F$18:$F$200, MATCH(4, 'LISTAS + README'!$O$18:$O$200, 0)),"") & ")"))
